title,link,metadata
YLUA Style A Air-Cooled Scroll Compressor Condensing Units,/viewer/document/l370Ao1a_CD0P8RTz1mqbQ,"Business: Chillers,Brand: YORK,Category: Condensing Unit,Product: YLUA,Document Revision: 915,Document Type: Engineering Guide,Document Number: 150.73-EG1"
"HT Hermetic TurboPak Liquid Chiller 90 thru 640 ton, HT90, HT100, HT110, HT120, HT130, HT150, HT170, HT200, HT230, HT260, HT290, HT320, HT350, HT360, HT390, HT430, HT470, HT510, HT560, HT610, HT640",/viewer/document/Mq0ShO_aEIIdTXs181P52A,"Business: Chillers,Brand: YORK,Category: Centrifugal,Product: HT,Document Revision: 372,Document Type: Operation Guide,Document Number: 160.42-OM1"
160.41-RP1.5.pdf,/viewer/document/DUSTlkI_0Lrvb6ude9QOEw,
160.41-RP1.6.pdf,/viewer/document/oJBpdxq2VrlApIGvdpqDEA,
PENN Connected BT1 Bluetooth Thermometer Catalog Page,/reader/PZiJR2dcs6MQX2yFg8i7yQ/root,"Product code: PCFS-BT1,Business: Building Automation and Controls,Brand: PENN Controls,Category: PENN Connected,Product: PENN Connected Bluetooth Thermometer,Document Type: Catalog Page,Document Number: LIT-1901134"
Series P315PR Controllers,/viewer/document/QKipCV_oOS17tHPgIxEFGQ,"Product code: P315PR/RM (other choices available),Business: Building Automation and Controls,Brand: PENN Controls,Category: Single‐Phase Motor Speed Controller,Series: Series P315,Document Revision: J (other choices available),Document Type: Global Safety Data Sheet,Part Number: 24-1060-717"
Contact information,/reader/PZiJR2dcs6MQX2yFg8i7yQ/gmyqtWrswf_MP8PgBEOe6w,"Product code: PCFS-BT1,Business: Building Automation and Controls,Brand: PENN Controls,Category: PENN Connected,Product: PENN Connected Bluetooth Thermometer,Document Type: Catalog Page,Document Number: LIT-1901134"
Single point of contact,/reader/PZiJR2dcs6MQX2yFg8i7yQ/jyau_ldTFyYzVaTfY0VM_w,"Product code: PCFS-BT1,Business: Building Automation and Controls,Brand: PENN Controls,Category: PENN Connected,Product: PENN Connected Bluetooth Thermometer,Document Type: Catalog Page,Document Number: LIT-1901134"
Patents,/reader/PZiJR2dcs6MQX2yFg8i7yQ/ovJiTNucCuMYoz8S1V81ug,"Product code: PCFS-BT1,Business: Building Automation and Controls,Brand: PENN Controls,Category: PENN Connected,Product: PENN Connected Bluetooth Thermometer,Document Type: Catalog Page,Document Number: LIT-1901134"
Software terms,/reader/PZiJR2dcs6MQX2yFg8i7yQ/jOxTXJM8AwJ1HB_n~OB8cQ,"Product code: PCFS-BT1,Business: Building Automation and Controls,Brand: PENN Controls,Category: PENN Connected,Product: PENN Connected Bluetooth Thermometer,Document Type: Catalog Page,Document Number: LIT-1901134"
Product warranty,/reader/PZiJR2dcs6MQX2yFg8i7yQ/TwqnLaXk3opq7kvPKw5zLg,"Product code: PCFS-BT1,Business: Building Automation and Controls,Brand: PENN Controls,Category: PENN Connected,Product: PENN Connected Bluetooth Thermometer,Document Type: Catalog Page,Document Number: LIT-1901134"
BT1 Bluetooth Thermometer technical specifications,/reader/PZiJR2dcs6MQX2yFg8i7yQ/_elRk_moWxmJ056NWjmPOA,"Product code: PCFS-BT1,Business: Building Automation and Controls,Brand: PENN Controls,Category: PENN Connected,Product: PENN Connected Bluetooth Thermometer,Document Type: Catalog Page,Document Number: LIT-1901134"
Repair information,/reader/PZiJR2dcs6MQX2yFg8i7yQ/LhRt_jLFQGOYEBHqS8sVxA,"Product code: PCFS-BT1,Business: Building Automation and Controls,Brand: PENN Controls,Category: PENN Connected,Product: PENN Connected Bluetooth Thermometer,Document Type: Catalog Page,Document Number: LIT-1901134"
Ordering information,/reader/PZiJR2dcs6MQX2yFg8i7yQ/wFLRnbw1dRDVqLPwSULArg,"Product code: PCFS-BT1,Business: Building Automation and Controls,Brand: PENN Controls,Category: PENN Connected,Product: PENN Connected Bluetooth Thermometer,Document Type: Catalog Page,Document Number: LIT-1901134"
Applications,/reader/PZiJR2dcs6MQX2yFg8i7yQ/ARKphCJkqcJEDO_KY6zNgw,"Product code: PCFS-BT1,Business: Building Automation and Controls,Brand: PENN Controls,Category: PENN Connected,Product: PENN Connected Bluetooth Thermometer,Document Type: Catalog Page,Document Number: LIT-1901134"
Features,/reader/PZiJR2dcs6MQX2yFg8i7yQ/ppSWBlPMDyrDQ9ySg6hNZQ,"Product code: PCFS-BT1,Business: Building Automation and Controls,Brand: PENN Controls,Category: PENN Connected,Product: PENN Connected Bluetooth Thermometer,Document Type: Catalog Page,Document Number: LIT-1901134"
Description,/reader/PZiJR2dcs6MQX2yFg8i7yQ/FbU_K~KobHdSCPjLJ1SFyg,"Product code: PCFS-BT1,Business: Building Automation and Controls,Brand: PENN Controls,Category: PENN Connected,Product: PENN Connected Bluetooth Thermometer,Document Type: Catalog Page,Document Number: LIT-1901134"
"106-130 Ton, Full Perimeter Roof Curb Installation Instructions for Series 100 Packaged Rooftop Units",/viewer/document/QnkmSbyuqT15K6k_DIWiZA,"Business: Applied Ducted Systems,Brand: Johnson Controls,Category: Applied Packaged Rooftop Units, Series 100 Packaged Rooftop Units,Product: Series 100 (YPAL),Document Type: Installation Guide,Document Number: 100.50-N22 (208)"
"106-130 Ton, Open Condenser End Roof Curb Installation Instructions for Series 100 Packaged Rooftop Units",/viewer/document/fAMNE_fYFaiCUy8lHAxURw,"Business: Applied Ducted Systems,Brand: Johnson Controls,Category: Applied Packaged Rooftop Units, Series 100 Packaged Rooftop Units,Product: Series 100 (YPAL),Document Type: Installation Guide,Document Number: 100.50-N21(208)"
"106-130 Tons, Mod E, Eco2 Single Packaged Rooftop Units, R-22 Installation, Operation, and Maintenance Manual",/viewer/document/xLE48mA5godfHZjcnWpzXg,"Business: Applied Ducted Systems,Brand: YORK,Category: Applied Packaged Rooftop Units, Series 100 Packaged Rooftop Units,Product: Series 100 (YPAL),Document Type: Installation Guide,Document Number: 100.50-NOM3 (109)"
"120-150 Tons, Mod F, Series 100 Single Packaged Rooftop Units Installation, Operation, and Maintenance Manual",/viewer/document/~6kOXz2TlqNoTDiKhe4N5w,"Business: Applied Ducted Systems,Brand: Johnson Controls,Category: Applied Packaged Rooftop Units, Series 100 Packaged Rooftop Units,Product: Series 100 (YPAL),Document Type: Installation Guide,Document Number: 100.50-NOM10 (416)"
"120-150 Tons, Mod G (Current), Series 100 Single Package Rooftop Units Engineering Guide",/viewer/document/53~8njCvpDwRrgnTmJsxOg,"Business: Applied Ducted Systems,Brand: Johnson Controls,Category: Applied Packaged Rooftop Units, Series 100 Packaged Rooftop Units,Product: Series 100 (YPAL),Document Type: Engineering Guide,Document Number: 100.50-EG11 (1119)"
"120-150 Tons, Mod G (Current), Series 100 Single Packaged Rooftop Units Installation, Operation, and Maintenance Manual",/viewer/document/NM9Ffc7gf1w9ZMGJ4IEBhQ,"Business: Applied Ducted Systems,Brand: Johnson Controls,Category: Applied Packaged Rooftop Units, Series 100 Packaged Rooftop Units,Product: Series 100 (YPAL),Document Type: Installation Guide,Document Number: 100.50-NOM11 (120)"
"25-40 Tons, Millenium Packaged Rooftop Units with Optilogic Control Supplement, R-410A Only, Gen 3 Installation, Operation, and Maintenance Manual",/viewer/document/Yshr8ep9mcFy0pUR9pyUrA,"Business: Applied Ducted Systems,Brand: YORK,Category: Applied Packaged Rooftop Units,Product: Millenium,Document Type: Installation Guide,Document Number: 100.50-NOM7 (808)"
"25-40 Tons, Mod F, Millenium Packaged Rooftop Units with Optilogic Control Supplement, R-22 Only, Gen 3 Installation, Operation, and Maintenance Manual",/viewer/document/T_DJLM1IWRH59nzMgPimRA,"Business: Applied Ducted Systems,Brand: YORK,Category: Applied Packaged Rooftop Units,Product: Millenium,Document Type: Installation Guide,Document Number: 100.50-NOM2 (808)"
"50-100 Tons, Mod A, R-407C and R-22, 50 Hz, Series 100 Single Package Rooftop Units Engineering Guide",/viewer/document/GbksftohgRFsM~tuFSanaA,"Business: Applied Ducted Systems,Brand: Johnson Controls,Category: Applied Packaged Rooftop Units, Series 100 Packaged Rooftop Units,Product: Series 100 (YPAL),Document Type: Engineering Guide,Document Number: 100.50-EG3 (802)"
"50-100 Tons, Mod A, R-407C and R-22, 60 Hz, Series 100 Single Package Rooftop Units Engineering Guide",/viewer/document/EJD8GWlPcp8qDkKIrR5F8w,"Business: Applied Ducted Systems,Brand: Johnson Controls,Category: Applied Packaged Rooftop Units, Series 100 Packaged Rooftop Units,Product: Series 100 (YPAL),Document Type: Engineering Guide,Document Number: 100.50-EG1-A (102)"
"50-100 Tons, Mod B, R-407C and R-22, Series 100 Single Package Rooftop Units Engineering Guide",/viewer/document/XHddA5GXHkeui9I~PyNPAw,"Business: Applied Ducted Systems,Brand: Johnson Controls,Category: Applied Packaged Rooftop Units, Series 100 Packaged Rooftop Units,Product: Series 100 (YPAL),Document Type: Engineering Guide,Document Number: 100.50-EG1-B (403)"
"50-100 Tons, Mod C, R-407C and R-22, Series 100 Single Package Rooftop Units Engineering Guide",/viewer/document/DltpzLDQOl8pU2ebH71tjQ,"Business: Applied Ducted Systems,Brand: Johnson Controls,Category: Applied Packaged Rooftop Units, Series 100 Packaged Rooftop Units,Product: Series 100 (YPAL),Document Type: Engineering Guide,Document Number: 100.50-EG1-C (704)"
"50-105 Tons, Mod C, Eco2 Single Packaged Rooftop Units, R-22 and R-407C Installation, Operation, and Maintenance Manual",/viewer/document/3nidEAAFUtceuVl9JlbyIA,"Business: Applied Ducted Systems,Brand: YORK,Category: Applied Packaged Rooftop Units, Series 100 Packaged Rooftop Units,Product: Series 100 (YPAL),Document Type: Installation Guide,Document Number: 100.50-NOM1 (604)"
"50-105 Tons, Mod D and 106-130 Tons, Mod E, R-407C and R-22, Series 100 Single Packaged Rooftop Units Engineering Guide",/viewer/document/K~eKqihja~uzl6Uwkxys~Q,"Business: Applied Ducted Systems,Brand: Johnson Controls,Category: Applied Packaged Rooftop Units, Series 100 Packaged Rooftop Units,Product: Series 100 (YPAL),Document Type: Engineering Guide,Document Number: 100.50-EG1-D (1207)"
"50-105 Tons, Mod D, Eco 2 Single Packaged Rooftop Units, R-22 and R-407C Installation, Operation, and Maintenance Manual",/viewer/document/2DuEps2tmbiJza~RoblMpQ,"Business: Applied Ducted Systems,Brand: YORK,Category: Applied Packaged Rooftop Units, Series 100 Packaged Rooftop Units,Product: Series 100 (YPAL),Document Type: Installation Guide,Document Number: 100.50-NOM4 (109)"
"50-105 Tons, Mod F and 120-150 Tons, Mod G, IPU Controller, Series 100 Packaged Rooftop Units Start-Up Guide",/viewer/document/6sgCVmtEqlc~UJwXtcUOyw,"Business: Applied Ducted Systems,Brand: Johnson Controls,Category: Applied Packaged Rooftop Units, Series 100 Packaged Rooftop Units,Product: Series 100 (YPAL),Document Type: Quick Start Guide,Document Number: 100.50-SU5 (517)"
"50-105 Tons, Mod F and 120-150 Tons, Mod G, Series 100 Packaged Rooftop Units Control Sequences Start-Up Guide",/viewer/document/PzyUqnwmpibAZ5RrpmdAQA,"Business: Applied Ducted Systems,Brand: Johnson Controls,Category: Applied Packaged Rooftop Units, Series 100 Packaged Rooftop Units,Product: Series 100 (YPAL),Document Type: Quick Start Guide,Document Number: 100.50-SU8 (116)"
"50-65 Ton, Full Perimeter Extended Cabinet Roof Curb Installation Instructions for Series 100 Packaged Rooftop Units",/viewer/document/PwIqh6Xr55fFDHtfoHJhmw,"Business: Applied Ducted Systems,Brand: Johnson Controls,Category: Applied Packaged Rooftop Units, Series 100 Packaged Rooftop Units,Product: Series 100 (YPAL),Document Type: Installation Guide,Document Number: 100.50-N9 (1004)"
"50-65 Ton, Full Perimeter Roof Curb Installation Instructions for Series 100 Packaged Rooftop Units",/viewer/document/zlYnHQZNLyOpQfI44PloGA,"Business: Applied Ducted Systems,Brand: Johnson Controls,Category: Applied Packaged Rooftop Units, Series 100 Packaged Rooftop Units,Product: Series 100 (YPAL),Document Type: Installation Guide,Document Number: 100.50-N4 (303)"
"50-65 Ton, Mod F, Simplicity Controls, Series 100 Packaged Rooftop Units Quick Start-Up Guide",/viewer/document/Gw1gSFNfn~cTt~Q9pM~0gw,"Business: Applied Ducted Systems,Brand: Johnson Controls,Category: Applied Packaged Rooftop Units, Series 100 Packaged Rooftop Units,Product: Series 100 (YPAL),Document Type: Quick Start Guide,Document Number: 100.50-SU3 (1207)"
"50-65 Ton, Open Condenser End Roof Curb Installation Instructions for Series 100 Packaged Rooftop Units",/viewer/document/Ah0qkCv869YIF2OT9RRe1Q,"Business: Applied Ducted Systems,Brand: Johnson Controls,Category: Applied Packaged Rooftop Units, Series 100 Packaged Rooftop Units,Product: Series 100 (YPAL),Document Type: Installation Guide,Document Number: 100.50-N24 (608)"
"50-65 Ton, Open Condenser End, Extended Cabinet Roof Curb Installation Instructions for Series 100 Packaged Rooftop Units",/viewer/document/yzaL0v4TjOFYMjyt7hcGPQ,"Business: Applied Ducted Systems,Brand: Johnson Controls,Category: Applied Packaged Rooftop Units, Series 100 Packaged Rooftop Units,Product: Series 100 (YPAL),Document Type: Installation Guide,Document Number: 100.50-N10 (1004)"
"50-65 Tons, Mod F (Current), Series 100 Single Package Rooftop Units Engineering Guide",/viewer/document/uyxXCRXpX~U1aiZ4E~LhzA,"Business: Applied Ducted Systems,Brand: Johnson Controls,Category: Applied Packaged Rooftop Units, Series 100 Packaged Rooftop Units,Product: Series 100 (YPAL),Document Type: Engineering Guide,Document Number: 100.50-EG10 (1119)"
"50-65 Tons, Mod F (Current), Series 100 Single Packaged Rooftop Units Installation, Operation, and Maintenance Manual",/viewer/document/PwDHFbfBgQxp4HQ4ucu1fw,"Business: Applied Ducted Systems,Brand: Johnson Controls,Category: Applied Packaged Rooftop Units, Series 100 Packaged Rooftop Units,Product: Series 100 (YPAL),Document Type: Installation Guide,Document Number: 100.50-NOM5 (120)"
"50-65 Tons, Mod F with Simplicity Elite Controls, Series 100 Single Packaged Rooftop Units Installation, Operation, and Maintenance Manual",/viewer/document/7uAMxTu~aarL_Hw1LOOgqw,"Business: Applied Ducted Systems,Brand: Johnson Controls,Category: Applied Packaged Rooftop Units, Series 100 Packaged Rooftop Units,Product: Series 100 (YPAL),Document Type: Installation Guide,Document Number: 100.50-NOM6 (817)"
"50-65 Tons, Mod F, R-407C and R-22 and R-410A, 50/60 Hz, Series 100 Single Packaged Rooftop Units Engineering Guide",/viewer/document/ErgiJ6RuFJTTCOnYqbOLTw,"Business: Applied Ducted Systems,Brand: Johnson Controls,Category: Applied Packaged Rooftop Units, Series 100 Packaged Rooftop Units,Product: Series 100 (YPAL),Document Type: Engineering Guide,Document Number: 100.50-EG4 (907)"
"70-105 Tons, Mod F, Series 100 Single Package Rooftop Units Engineering Guide",/viewer/document/~77BLrmnIOjDDg6iBB2LdA,"Business: Applied Ducted Systems,Brand: Johnson Controls,Category: Applied Packaged Rooftop Units, Series 100 Packaged Rooftop Units,Product: Series 100 (YPAL),Document Type: Engineering Guide,Document Number: 100.50-EG7 (217)"
"70-105 Tons, Mod F, Series 100 Single Packaged Rooftop Units Installation, Operation, and Maintenance Manual",/viewer/document/SGq_ET2snQgUpiWEkwLe9Q,"Business: Applied Ducted Systems,Brand: Johnson Controls,Category: Applied Packaged Rooftop Units, Series 100 Packaged Rooftop Units,Product: Series 100 (YPAL),Document Type: Installation Guide,Document Number: 100.50-NOM9 (818)"
"70-105 Tons, Mod G (Current), Series 100 Single Package Rooftop Units Engineering Guide",/viewer/document/MzYJbZ4xNv4ugCAMHfbjaw,"Business: Applied Ducted Systems,Brand: Johnson Controls,Category: Applied Packaged Rooftop Units, Series 100 Packaged Rooftop Units,Product: Series 100 (YPAL),Document Type: Engineering Guide,Document Number: 100.50-EG12 (1119)"
"70-105 Tons, Mod G (Current), Series 100 Single Packaged Rooftop Units Installation, Operation, and Maintenance Manual",/viewer/document/_~G86KWmcNAwaza1eWuLog,"Business: Applied Ducted Systems,Brand: Johnson Controls,Category: Applied Packaged Rooftop Units, Series 100 Packaged Rooftop Units,Product: Series 100 (YPAL),Document Type: Installation Guide,Document Number: 100.50-NOM12 (120)"
"70-80 Ton, Full Perimeter Roof Curb Installation Instructions for Series 100 Packaged Rooftop Units",/viewer/document/oQ964WjVw2Ghkk01O5Y8eg,"Business: Applied Ducted Systems,Brand: Johnson Controls,Category: Applied Packaged Rooftop Units, Series 100 Packaged Rooftop Units,Product: Series 100 (YPAL),Document Type: Installation Guide,Document Number: 100.50-N2 (303)"
"70-80 Ton, Full Perimeter, Extended Cabinet Roof Curb Installation Instructions for Series 100 Packaged Rooftop Units",/viewer/document/KrN1KSkaLdaRYImF2iJBsA,"Business: Applied Ducted Systems,Brand: Johnson Controls,Category: Applied Packaged Rooftop Units, Series 100 Packaged Rooftop Units,Product: Series 100 (YPAL),Document Type: Installation Guide,Document Number: 100.50-N11 (1004)"
"70-80 Ton, Open Condenser End Roof Curb Installation Instructions for Series 100 Packaged Rooftop Units",/viewer/document/iBLZgFXTDS_9yiYEuBXt6w,"Business: Applied Ducted Systems,Brand: Johnson Controls,Category: Applied Packaged Rooftop Units, Series 100 Packaged Rooftop Units,Product: Series 100 (YPAL),Document Type: Installation Guide,Document Number: 100.50-N6 (303)"
"70-80 Ton, Open Condenser End, Extended Cabinet Roof Curb Installation Instructions for Series 100 Packaged Rooftop Units",/viewer/document/aUw3Zofl1~1m1tql~4wS~w,"Business: Applied Ducted Systems,Brand: Johnson Controls,Category: Applied Packaged Rooftop Units, Series 100 Packaged Rooftop Units,Product: Series 100 (YPAL),Document Type: Installation Guide,Document Number: 100.50-N12 (1004)"
"90-105 Ton, Full Perimeter Roof Curb Installation Instructions for Series 100 Packaged Rooftop Units",/viewer/document/zXkPPV_n5RDqbh4h8kRBGg,"Business: Applied Ducted Systems,Brand: Johnson Controls,Category: Applied Packaged Rooftop Units, Series 100 Packaged Rooftop Units,Product: Series 100 (YPAL),Document Type: Installation Guide,Document Number: 100.50-N5 (918)"
"90-105 Ton, Full Perimeter, Extended Cabinet Roof Curb Installation Instructions for Series 100 Packaged Rooftop Units",/viewer/document/xCqXCi5~hOA68sIRD~Qzrg,"Business: Applied Ducted Systems,Brand: Johnson Controls,Category: Applied Packaged Rooftop Units, Series 100 Packaged Rooftop Units,Product: Series 100 (YPAL),Document Type: Installation Guide,Document Number: 100.50-N13 (918)"
"90-105 Ton, Open Condenser End Roof Curb Installation Instructions for Series 100 Packaged Rooftop Units",/viewer/document/_8C9FEE6LBqD9XuXFCVpTQ,"Business: Applied Ducted Systems,Brand: Johnson Controls,Category: Applied Packaged Rooftop Units, Series 100 Packaged Rooftop Units,Product: Series 100 (YPAL),Document Type: Installation Guide,Document Number: 100.50-N3 (918)"
"90-105 Ton, Open Condenser End, Extended Cabinet Roof Curb Installation Instructions for Series 100 Packaged Rooftop Units",/viewer/document/wBCIUpGYxO6X5dX5hAsk9Q,"Business: Applied Ducted Systems,Brand: Johnson Controls,Category: Applied Packaged Rooftop Units, Series 100 Packaged Rooftop Units,Product: Series 100 (YPAL),Document Type: Installation Guide,Document Number: 100.50-N14 (918)"
Advanced Graphic Touchscreen Display on 25-50 Ton Johnson Controls Premier Rooftop Units Installation and Operation Manual,/viewer/document/V3lzUqeZVfh_sqEP4v4BxQ,"Business: Applied Ducted Systems,Brand: Johnson Controls,Category: Applied Packaged Rooftop Units, Premier Packaged Rooftop Units,Product: Premier,Document Type: Installation Guide,Document Number: 5795595-JIM-A-1019"
"Airside Economizer Field Assembly for LSWU/LSWD Models, IPU2 Controls, 25-105 Ton Water-Cooled Self-Contained Units",/viewer/document/BpB59IccLWhzwcdWvOEhIg,"Business: Applied Ducted Systems,Brand: Johnson Controls,Category: Air and Water-Cooled Self-Contained Units, L-Series Water-Cooled Self-Contained Units,Product: L-Series,Document Type: Installation Guide,Document Number: 145.05-FA2 (1019)"
Applied DS Products Technical Support Team: Site Visit Service Information Letter,/viewer/document/dFz9jlhAT7O9lx0XeBMo0g,"Business: Applied Ducted Systems,Brand: Johnson Controls,Document Type: Service Information Letter,Document Number: SI0311 (1215)"
Applied Ducted Systems Criteria for Submitting SD Warranty Claims Service Information Letter,/viewer/document/sBZAWftP08jXS~nddQHn~Q,"Business: Applied Ducted Systems,Brand: Johnson Controls,Category: Air and Water-Cooled Self-Contained Units, Applied Packaged Rooftop Units, L-Series Water-Cooled Self-Contained Units, Series 100 Packaged Rooftop Units,Product: L-Series, Series 100 (YPAL),Document Type: Service Information Letter,Document Number: SI0312 (1118)"
Availability of Repair Parts Manuals Service Information Letter,/viewer/document/yW6Rb0VZ0lNp4siyOC_W5A,"Business: Applied Ducted Systems,Brand: Johnson Controls,Category: Applied Packaged Rooftop Units, Series 100 Packaged Rooftop Units,Product: Series 100 (YPAL),Document Type: Service Information Letter,Document Number: SI0086 (404)"
"C-Series Vertical (CSV) Water-Cooled Self-Contained Units, B Generation Engineering Guide",/viewer/document/sFXEw592OnY~G6agD6yfQw,"Business: Applied Ducted Systems,Brand: Johnson Controls,Category: Air and Water-Cooled Self-Contained Units, C-Series Water-Cooled Self-Contained Units,Product: C-Series,Document Type: Engineering Guide,Document Number: 145.15-EG1  (1019)"
"C-Series Vertical (CSV) Water-Cooled Self-Contained Units, B Generation, R-410A Installation, Operation, and Maintenance Manual",/viewer/document/QaHTRyc2kr8zX3p8K65hog,"Business: Applied Ducted Systems,Brand: Johnson Controls,Category: Air and Water-Cooled Self-Contained Units, C-Series Water-Cooled Self-Contained Units,Product: C-Series,Document Type: Installation Guide,Document Number: 145.15-IOM7 (1019)"
California Title 24 Impact on Premier Rooftop Units Application Guide,/viewer/document/FB6wP0LEb1YmrJl7HaduGw,"Business: Applied Ducted Systems,Brand: Johnson Controls,Category: Applied Packaged Rooftop Units, Premier Packaged Rooftop Units,Product: Premier,Document Type: Application Note,Document Number: 5553817-JAD-A-619"
Chassis Testing Station for Vertical Stacked WSHP – Installation and Operation,/viewer/document/irINDJkt5kzKOmqx47ItbQ,"Business: Applied Ducted Systems,Brand: Johnson Controls,Category: Vertical Stacked Heat Pumps, Water Source Heat Pumps,Product: VPCS Series, VSCS Series,Document Type: Installation Guide,Document Number: 145.18-NO1 (318)"
"Control/Power Panel Renewal Parts for Series 100, 106-130 Ton, Mod E Packaged Rooftop Units",/viewer/document/LsTBJmwpGBDlCgR7X2YOJg,"Business: Applied Ducted Systems,Brand: Johnson Controls,Category: Applied Packaged Rooftop Units, Series 100 Packaged Rooftop Units,Product: Series 100 (YPAL),Document Type: Part List,Document Number: 100.50-RP5 (106)"
"Control/Power Panel Renewal Parts for Series 100, 50-105 Ton, Mod D, R-407C/R-22 and 70-105 Ton, Mod F, R-410A Packaged Rooftop Units",/viewer/document/MdQpJOljS8QwSdWS3ex2WQ,"Business: Applied Ducted Systems,Brand: Johnson Controls,Category: Applied Packaged Rooftop Units, Series 100 Packaged Rooftop Units,Product: Series 100 (YPAL),Document Type: Part List,Document Number: 100.50-RP6 (1108)"
"Control/Power Panel Renewal Parts for Series 100, 50-95 Ton, Mod A/B Packaged Rooftop Units",/viewer/document/0ZlJLVZYdxBCJhWAeYp9hw,"Business: Applied Ducted Systems,Brand: Johnson Controls,Category: Applied Packaged Rooftop Units, Series 100 Packaged Rooftop Units,Product: Series 100 (YPAL),Document Type: Part List,Document Number: 100.50-RP1 (404)"
"D-Series Horizontal (DSH) and Vertical (DSV) Air-Cooled Self-Contained Units, B Generation Engineering Guide",/viewer/document/fFT9RSMon~Wx_2lpZ0k75w,"Business: Applied Ducted Systems,Brand: Johnson Controls,Category: Air and Water-Cooled Self-Contained Units, D-Series Air-Cooled Self-Contained Units,Product: D-Series,Document Type: Engineering Guide,Document Number: 145.00-EG2  (1215)"
"D-Series Horizontal (DSH) and Vertical (DSV) Air-Cooled Self-Contained Units, B/C Generation Engineering Guide",/viewer/document/UHwtr0pr~aMuW4pgOCvtgA,"Business: Applied Ducted Systems,Brand: Johnson Controls,Category: Air and Water-Cooled Self-Contained Units, D-Series Air-Cooled Self-Contained Units,Product: D-Series,Document Type: Engineering Guide,Document Number: 145.10-EG1  (919)"
"D-Series Horizontal (DSH024B-120B) Air-Cooled Self-Contained Units, B Generation Installation, Operation, and Maintenance Manual",/viewer/document/wzY0rn0HVz7wt1AkNT28qw,"Business: Applied Ducted Systems,Brand: Johnson Controls,Category: Air and Water-Cooled Self-Contained Units, D-Series Air-Cooled Self-Contained Units,Product: D-Series,Document Type: Installation Guide,Document Number: 145.32-IOM3 (1213)"
"D-Series Horizontal (DSH024C-060C and 096B-120B) Air-Cooled Self-Contained Units, B/C Generation Installation, Operation, and Maintenance Manual",/viewer/document/F6e2so3NaaV1JNgy6UuHJQ,"Business: Applied Ducted Systems,Brand: Johnson Controls,Category: Air and Water-Cooled Self-Contained Units, D-Series Air-Cooled Self-Contained Units,Product: D-Series,Document Type: Installation Guide,Document Number: 145.32-IOM4 (818)"
"D-Series Horizontal (DSH024C-120C) Air-Cooled Self-Contained Units, C Generation with Smart Equipment Controller Installation, Operation, and Maintenance Manual",/viewer/document/R26hm1B1v74yoKI1a547hQ,"Business: Applied Ducted Systems,Brand: Johnson Controls,Category: Air and Water-Cooled Self-Contained Units, D-Series Air-Cooled Self-Contained Units,Product: D-Series,Document Type: Installation Guide,Document Number: 145.32-IOM5 (419)"
"D-Series Horizontal, Ceiling Mounted Ducted Air-Cooled Self-Contained Units, A Generation Installation, Operation, and Maintenance Manual",/viewer/document/tYVQbE7~SncIZxFevRIvjw,"Business: Applied Ducted Systems,Brand: Johnson Controls,Category: Air and Water-Cooled Self-Contained Units, D-Series Air-Cooled Self-Contained Units,Product: D-Series,Document Type: Installation Guide,Document Number: 145.32-IOM1 (908)"
"D-Series Vertical (DSV060B-300B) Air-Cooled Self-Contained Units, B Generation Installation, Operation, and Maintenance Manual",/viewer/document/CesVRH22kQqBrC3Xn0An9A,"Business: Applied Ducted Systems,Brand: Johnson Controls,Category: Air and Water-Cooled Self-Contained Units, D-Series Air-Cooled Self-Contained Units,Product: D-Series,Document Type: Installation Guide,Document Number: 145.29-IOM2 (217)"
"D-Series Vertical (DSV060C-300C) Air-Cooled Self-Contained Units, C Generation (UNITS BUILT AFTER SEPTEMBER 2019) with Smart Equipment Controller Installation, Operation, and Maintenance Manual",/viewer/document/dHbWximj8sayEFXq1e4SWA,"Business: Applied Ducted Systems,Brand: Johnson Controls,Category: Air and Water-Cooled Self-Contained Units, D-Series Air-Cooled Self-Contained Units,Product: D-Series,Document Type: Installation Guide,Document Number: 145.29-IOM4 (1119)"
"D-Series Vertical (DSV060C-300C) Air-Cooled Self-Contained Units, C Generation (UNITS BUILT BEFORE OCTOBER 2019) with Smart Equipment Controller Installation, Operation, and Maintenance Manual",/viewer/document/OldTHc_QCgLSCtGEOZrdxw,"Business: Applied Ducted Systems,Brand: Johnson Controls,Category: Air and Water-Cooled Self-Contained Units, D-Series Air-Cooled Self-Contained Units,Product: D-Series,Document Type: Installation Guide,Document Number: 145.29-IOM3 (1119)"
"D-Series with SMART Equipment Controls, Horizontal (DSH) and Vertical (DSV) Air-Cooled Self-Contained Units, C Generation Engineering Guide",/viewer/document/caXHAQjkghsxbgZUjfiqbA,"Business: Applied Ducted Systems,Brand: Johnson Controls,Category: Air and Water-Cooled Self-Contained Units, D-Series Air-Cooled Self-Contained Units,Product: D-Series,Document Type: Engineering Guide,Document Number: 145.10-EG2  (1119)"
Determining if Compressor is Defective Service Information Letter,/viewer/document/37isT6LyWAbmweXWyQd~uA,"Business: Applied Ducted Systems,Brand: Johnson Controls,Category: Air and Water-Cooled Self-Contained Units, L-Series Water-Cooled Self-Contained Units,Product: L-Series,Document Type: Service Information Letter,Document Number: SI0253 (511)"
DSH/DSV Air-Cooled and CSV Water-Cooled Self-Contained Units Start-Up and Performance Checklist,/viewer/document/VdTFLm4jKe_UvikoUoOFNA,"Business: Applied Ducted Systems,Brand: Johnson Controls,Category: Air and Water-Cooled Self-Contained Units, C-Series Water-Cooled Self-Contained Units, D-Series Air-Cooled Self-Contained Units,Product: C-Series, D-Series,Document Type: Checklist,Document Number: 145.13-CL1 (619)"
Erratic Operation and Correct Setup Guide Service Information Letter,/viewer/document/MV7WYLKnH43ANNP9rI~D7w,"Business: Applied Ducted Systems,Brand: Johnson Controls,Category: Applied Packaged Rooftop Units, Series 100 Packaged Rooftop Units,Product: Series 100 (YPAL),Document Type: Service Information Letter,Document Number: SI0127 (805)"
